{
    "Atelectasis": 0.5101988315582275,
    "Consolidation": 0.5089077949523926,
    "Infiltration": 0.5439091920852661,
    "Pneumothorax": 0.01383276842534542,
    "Edema": 0.2666328251361847,
    "Emphysema": 0.505119800567627,
    "Fibrosis": 0.027658654376864433,
    "Effusion": 0.1577376127243042,
    "Pneumonia": 0.5008851289749146,
    "Pleural_Thickening": 0.09183459728956223,
    "Cardiomegaly": 0.6022409796714783,
    "Nodule": 0.4409460425376892,
    "Mass": 0.5011825561523438,
    "Hernia": 0.4841021001338959,
    "Lung Lesion": 0.5624635219573975,
    "Fracture": 0.5457376837730408,
    "Lung Opacity": 0.7945160865783691,
    "Enlarged Cardiomediastinum": 0.4426617920398712
}