{
    "Atelectasis": 0.5068937540054321,
    "Consolidation": 0.39247095584869385,
    "Infiltration": 0.4707304835319519,
    "Pneumothorax": 0.0170129481703043,
    "Edema": 0.333518385887146,
    "Emphysema": 0.503578782081604,
    "Fibrosis": 0.017298966646194458,
    "Effusion": 0.1054396703839302,
    "Pneumonia": 0.5018836259841919,
    "Pleural_Thickening": 0.05818961560726166,
    "Cardiomegaly": 0.6104722023010254,
    "Nodule": 0.2642982006072998,
    "Mass": 0.12950851023197174,
    "Hernia": 0.2564145624637604,
    "Lung Lesion": 0.5028978586196899,
    "Fracture": 0.5094843506813049,
    "Lung Opacity": 0.6765092611312866,
    "Enlarged Cardiomediastinum": 0.5017930269241333
}