{
    "Atelectasis": 0.5116691589355469,
    "Consolidation": 0.524376630783081,
    "Infiltration": 0.5857280492782593,
    "Pneumothorax": 0.011708173900842667,
    "Edema": 0.3571520745754242,
    "Emphysema": 0.5068737864494324,
    "Fibrosis": 0.03441198542714119,
    "Effusion": 0.2550971210002899,
    "Pneumonia": 0.5129508376121521,
    "Pleural_Thickening": 0.1222766563296318,
    "Cardiomegaly": 0.6350125074386597,
    "Nodule": 0.5010991096496582,
    "Mass": 0.5071311593055725,
    "Hernia": 0.5010767579078674,
    "Lung Lesion": 0.6478253602981567,
    "Fracture": 0.5588595867156982,
    "Lung Opacity": 0.8694639205932617,
    "Enlarged Cardiomediastinum": 0.5020222663879395
}