{
    "Atelectasis": 0.5039131045341492,
    "Consolidation": 0.5057090520858765,
    "Infiltration": 0.5796864032745361,
    "Pneumothorax": 0.010656902566552162,
    "Edema": 0.3634529411792755,
    "Emphysema": 0.5044917464256287,
    "Fibrosis": 0.033196210861206055,
    "Effusion": 0.16040074825286865,
    "Pneumonia": 0.520279049873352,
    "Pleural_Thickening": 0.08870518952608109,
    "Cardiomegaly": 0.5959852337837219,
    "Nodule": 0.40913259983062744,
    "Mass": 0.4783826768398285,
    "Hernia": 0.4453895092010498,
    "Lung Lesion": 0.5676749348640442,
    "Fracture": 0.531460165977478,
    "Lung Opacity": 0.8186817169189453,
    "Enlarged Cardiomediastinum": 0.42318737506866455
}