{
    "Atelectasis": 0.5109524726867676,
    "Consolidation": 0.4129614531993866,
    "Infiltration": 0.49299705028533936,
    "Pneumothorax": 0.01779317483305931,
    "Edema": 0.3646668791770935,
    "Emphysema": 0.5039714574813843,
    "Fibrosis": 0.018680846318602562,
    "Effusion": 0.11390109360218048,
    "Pneumonia": 0.50846266746521,
    "Pleural_Thickening": 0.06168940290808678,
    "Cardiomegaly": 0.5652469396591187,
    "Nodule": 0.270234614610672,
    "Mass": 0.14392052590847015,
    "Hernia": 0.18777348101139069,
    "Lung Lesion": 0.46151527762413025,
    "Fracture": 0.5062761306762695,
    "Lung Opacity": 0.7132033109664917,
    "Enlarged Cardiomediastinum": 0.5034018754959106
}