{
    "Atelectasis": 0.5024828910827637,
    "Consolidation": 0.44116583466529846,
    "Infiltration": 0.5472508668899536,
    "Pneumothorax": 0.01235520001500845,
    "Edema": 0.2566317915916443,
    "Emphysema": 0.5042684078216553,
    "Fibrosis": 0.02710905112326145,
    "Effusion": 0.1308128982782364,
    "Pneumonia": 0.5033963918685913,
    "Pleural_Thickening": 0.08202232420444489,
    "Cardiomegaly": 0.5728538036346436,
    "Nodule": 0.37871694564819336,
    "Mass": 0.4124740958213806,
    "Hernia": 0.4181366562843323,
    "Lung Lesion": 0.5306229591369629,
    "Fracture": 0.5295827388763428,
    "Lung Opacity": 0.7758086919784546,
    "Enlarged Cardiomediastinum": 0.3738017678260803
}