{
    "Atelectasis": 0.5561697483062744,
    "Consolidation": 0.5233909487724304,
    "Infiltration": 0.4999825060367584,
    "Pneumothorax": 0.10881825536489487,
    "Edema": 0.5227416157722473,
    "Emphysema": 0.5088813304901123,
    "Fibrosis": 0.08735919743776321,
    "Effusion": 0.40942004323005676,
    "Pneumonia": 0.5327332019805908,
    "Pleural_Thickening": 0.19950921833515167,
    "Cardiomegaly": 0.6474282741546631,
    "Nodule": 0.4233505129814148,
    "Mass": 0.2413126677274704,
    "Hernia": 0.5028947591781616,
    "Lung Lesion": 0.5294954776763916,
    "Fracture": 0.5234541893005371,
    "Lung Opacity": 0.7097488641738892,
    "Enlarged Cardiomediastinum": 0.5283199548721313
}