{
    "Atelectasis": 0.5138241052627563,
    "Consolidation": 0.5074681043624878,
    "Infiltration": 0.5186272859573364,
    "Pneumothorax": 0.01696031540632248,
    "Edema": 0.28609442710876465,
    "Emphysema": 0.5038156509399414,
    "Fibrosis": 0.014289855025708675,
    "Effusion": 0.25486570596694946,
    "Pneumonia": 0.5103045701980591,
    "Pleural_Thickening": 0.05859436094760895,
    "Cardiomegaly": 0.5733178853988647,
    "Nodule": 0.3028969168663025,
    "Mass": 0.24607877433300018,
    "Hernia": 0.2881384789943695,
    "Lung Lesion": 0.5085728168487549,
    "Fracture": 0.5250426530838013,
    "Lung Opacity": 0.7866231203079224,
    "Enlarged Cardiomediastinum": 0.33752739429473877
}